block_length,uncertainty_layer,statistic,observed_value,bootstrap_mean,bootstrap_standard_error,ci_lower_pointwise,ci_upper_pointwise,probability_positive
3,measurement_and_temporal,full_r_squared,0.2942612328103475,0.3454897376090611,0.154794435363212,0.0704822830512773,0.6609133420425183,1.0
3,measurement_and_temporal,q2_contribution,0.0716200144310093,0.1163877455795612,0.0972561237339078,0.0028135451939503,0.3541471457384909,1.0
3,measurement_and_temporal,q3_contribution,0.0424532287887241,0.0716427723882664,0.0695010198376561,0.0024585481958912,0.2572651712733476,1.0
3,measurement_and_temporal,q4_contribution,0.180187989590614,0.1574592196412334,0.1246819571522077,0.0033448501818075,0.4531096630456976,1.0
3,measurement_and_temporal,q4_minus_q2,0.1085679751596046,0.0410714740616721,0.1717730666840327,-0.2943996634484156,0.3986288384532769,0.5876
3,measurement_and_temporal,q4_minus_q3,0.1377347608018898,0.0858164472529669,0.1435600244391989,-0.1801351248517045,0.4013657787037706,0.7328
3,measurement_and_temporal,q1_q2_correlation,0.3191770218644927,0.342364891738676,0.1826025102591519,-0.0445317381313921,0.666462425706746,0.9598
3,measurement_and_temporal,q1_q3_correlation,0.2938288379064648,0.2617346394882009,0.2023124653762286,-0.1739893913642212,0.6124334216921015,0.8936
3,measurement_and_temporal,q1_q4_correlation,0.4663082166588721,0.3899720284624154,0.2072954882036669,-0.0739545962594421,0.7358416395477911,0.956
3,temporal_only,full_r_squared,0.2942612328103475,0.3517330103029663,0.1358161642916468,0.0995666125894461,0.6189531604005717,1.0
3,temporal_only,q2_contribution,0.0716200144310093,0.0896948529267996,0.0646121753805631,0.0065873196534132,0.2482660220287759,1.0
3,temporal_only,q3_contribution,0.0424532287887241,0.0735368264479001,0.0658629119371575,0.0025763208705074,0.2362855723630548,1.0
3,temporal_only,q4_contribution,0.180187989590614,0.1885013309282664,0.1184948433050623,0.0052295601119319,0.4576192866571261,1.0
3,temporal_only,q4_minus_q2,0.1085679751596046,0.0988064780014667,0.1553910390301601,-0.2018779708284961,0.4135973171010331,0.739
3,temporal_only,q4_minus_q3,0.1377347608018898,0.1149645044803662,0.1292354165040156,-0.1094081379344847,0.4022886054299204,0.826
3,temporal_only,q1_q2_correlation,0.3191770218644927,0.3257238721648287,0.1189896115141779,0.0707818485903777,0.5401246345543551,0.9906
3,temporal_only,q1_q3_correlation,0.2938288379064648,0.2944178207015989,0.1876661813805578,-0.1135953118286714,0.6109699234928081,0.9244
3,temporal_only,q1_q4_correlation,0.4663082166588721,0.4497644181857975,0.1706819601774575,0.0506689239709145,0.7324551924319619,0.987
4,measurement_and_temporal,full_r_squared,0.2942612328103475,0.3425777386625088,0.1575551429261818,0.0656487487041815,0.6597645141011483,1.0
4,measurement_and_temporal,q2_contribution,0.0716200144310093,0.1169801467121099,0.0931857105910125,0.0036524120134134,0.3449927033703164,1.0
4,measurement_and_temporal,q3_contribution,0.0424532287887241,0.0713514354715843,0.0714495444878281,0.0020003516182691,0.2557641922765918,1.0
4,measurement_and_temporal,q4_contribution,0.180187989590614,0.1542461564788144,0.1234392288045972,0.0026293105430103,0.4501528277596246,1.0
4,measurement_and_temporal,q4_minus_q2,0.1085679751596046,0.0372660097667044,0.1660300872357229,-0.2803944520627519,0.3865713802092855,0.581
4,measurement_and_temporal,q4_minus_q3,0.1377347608018898,0.0828947210072301,0.141546251295735,-0.1765801731087928,0.4024301606934247,0.723
4,measurement_and_temporal,q1_q2_correlation,0.3191770218644927,0.3481970623265792,0.1752582371082479,-0.0208886457443827,0.6574900772377004,0.9674
4,measurement_and_temporal,q1_q3_correlation,0.2938288379064648,0.259611229017976,0.2046203716611483,-0.1814706849604282,0.6164850923721968,0.8942
4,measurement_and_temporal,q1_q4_correlation,0.4663082166588721,0.3850710009699412,0.2095011238931261,-0.0775078782438616,0.7421975231885293,0.9512
4,temporal_only,full_r_squared,0.2942612328103475,0.351679389798379,0.1368737642002871,0.1003224155059475,0.6173183946170984,1.0
4,temporal_only,q2_contribution,0.0716200144310093,0.0905700044111404,0.0612167179507282,0.0073596141539894,0.2414120634717292,1.0
4,temporal_only,q3_contribution,0.0424532287887241,0.0759947031706537,0.0694273692356943,0.0023110408849582,0.2441287306656376,1.0
4,temporal_only,q4_contribution,0.180187989590614,0.1851146822165847,0.1186111892910499,0.0044710879895028,0.4538332709292407,1.0
4,temporal_only,q4_minus_q2,0.1085679751596046,0.0945446778054442,0.1526399277595241,-0.1993605338169885,0.4089243920100864,0.7338
4,temporal_only,q4_minus_q3,0.1377347608018898,0.1091199790459309,0.1306357993259136,-0.1134805999515468,0.4064029774114442,0.8042
4,temporal_only,q1_q2_correlation,0.3191770218644927,0.3311121123333752,0.1102543935915537,0.0981321373373676,0.5284431630847949,0.995
4,temporal_only,q1_q3_correlation,0.2938288379064648,0.2957416117860407,0.1934757041686859,-0.1116615379318063,0.615355945536965,0.9194
4,temporal_only,q1_q4_correlation,0.4663082166588721,0.4462619517653223,0.1738118805082925,0.0390407236380051,0.7388550030329234,0.9864
5,measurement_and_temporal,full_r_squared,0.2942612328103475,0.339139120493769,0.1543568603104379,0.0647319402659085,0.656754365570544,1.0
5,measurement_and_temporal,q2_contribution,0.0716200144310093,0.1137637439194505,0.0908255881962376,0.0035686187214252,0.3369481028021305,1.0
5,measurement_and_temporal,q3_contribution,0.0424532287887241,0.0708600186908631,0.0716706451011075,0.0023951084011148,0.2612287961672488,1.0
5,measurement_and_temporal,q4_contribution,0.180187989590614,0.1545153578834553,0.1217511948931182,0.0027236530626712,0.4427052707618696,1.0
5,measurement_and_temporal,q4_minus_q2,0.1085679751596046,0.0407516139640047,0.163061455164504,-0.2794791332885905,0.3818200332525598,0.5872
5,measurement_and_temporal,q4_minus_q3,0.1377347608018898,0.0836553391925922,0.1410919124082557,-0.1812015939668464,0.3880131959163389,0.7254
5,measurement_and_temporal,q1_q2_correlation,0.3191770218644927,0.3454131850675294,0.1711049556896715,-0.0181289827647874,0.646183865549323,0.9684
5,measurement_and_temporal,q1_q3_correlation,0.2938288379064648,0.2570601310225958,0.2047445565375961,-0.1811054989593182,0.6153148099282012,0.8928
5,measurement_and_temporal,q1_q4_correlation,0.4663082166588721,0.3870458733408707,0.207096820003251,-0.0635634191823033,0.733289815946451,0.9556
5,temporal_only,full_r_squared,0.2942612328103475,0.349045675802959,0.132744630998341,0.1039946098972848,0.6039168998731116,1.0
5,temporal_only,q2_contribution,0.0716200144310093,0.0881130311997358,0.0601684485639869,0.0092550795181118,0.2409890693884835,1.0
5,temporal_only,q3_contribution,0.0424532287887241,0.0756502357801498,0.070003204733949,0.0027460758285546,0.2412517525274682,1.0
5,temporal_only,q4_contribution,0.180187989590614,0.1852824088230732,0.1158060380040678,0.0042308467557519,0.4439002520141323,1.0
5,temporal_only,q4_minus_q2,0.1085679751596046,0.0971693776233373,0.1503763030090802,-0.1998688589214641,0.3952739756290094,0.7472
5,temporal_only,q4_minus_q3,0.1377347608018898,0.1096321730429233,0.1293151413043141,-0.1115945138219876,0.4039829919986163,0.7994
5,temporal_only,q1_q2_correlation,0.3191770218644927,0.3301681227295397,0.105801723694274,0.1096832754147672,0.5299161814851537,0.9974
5,temporal_only,q1_q3_correlation,0.2938288379064648,0.2936208079802644,0.1952342162433329,-0.1228484910558541,0.620035786678981,0.9158
5,temporal_only,q1_q4_correlation,0.4663082166588721,0.4485664024437784,0.1716790311394564,0.0449053303617078,0.7264427958874633,0.9874
