model_id,series,minseglen,year_month,observed,structural_regime_mean,one_step_ar_fitted,innovation,standardized_innovation
Polarization_minseg3_K3_AR2,Polarization,3,2022-03,19.968979886147597,28.20200642043469,26.104975631831863,-6.135995745684267,-1.7351426472992066
Polarization_minseg3_K3_AR2,Polarization,3,2022-04,29.187411939676807,28.20200642043469,32.62665047959001,-3.439238539913205,-0.9725511086013591
Polarization_minseg3_K3_AR2,Polarization,3,2022-05,36.70169823824752,28.20200642043469,30.763452702172778,5.9382455360747475,1.679222657060105
Polarization_minseg3_K3_AR2,Polarization,3,2022-06,14.150831658218094,28.20200642043469,20.88797673181859,-6.737145073600497,-1.9051362195725177
Polarization_minseg3_K3_AR2,Polarization,3,2022-07,39.69731341333724,28.20200642043469,36.15610663652784,3.5412067768094024,1.0013857825225305
Polarization_minseg3_K3_AR2,Polarization,3,2022-08,23.493171991639585,28.20200642043469,24.593687368925988,-1.1005153772864036,-0.3112047733216393
Polarization_minseg3_K3_AR2,Polarization,3,2022-09,40.33633774456976,37.273519261377785,36.40732961666263,3.9290081279071303,1.1110486132771307
Polarization_minseg3_K3_AR2,Polarization,3,2022-10,39.34476896622999,37.273519261377785,36.7062761934727,2.6384927727572904,0.7461154675379207
Polarization_minseg3_K3_AR2,Polarization,3,2022-11,35.68709475730685,37.273519261377785,34.338286929274844,1.34880782803201,0.38141714603949156
Polarization_minseg3_K3_AR2,Polarization,3,2022-12,41.621635424008375,37.273519261377785,37.71753470643063,3.90410071757775,1.1040052723610803
Polarization_minseg3_K3_AR2,Polarization,3,2023-01,31.79647862160208,37.273519261377785,34.385803028079636,-2.5893244064775565,-0.7322115906830516
Polarization_minseg3_K3_AR2,Polarization,3,2023-02,35.38737231922933,37.273519261377785,39.951226636133235,-4.563854316903905,-1.290571015615569
Polarization_minseg3_K3_AR2,Polarization,3,2023-03,37.12578446744588,37.273519261377785,41.04430966481144,-3.918525197365561,-1.1080842403203623
Polarization_minseg3_K3_AR2,Polarization,3,2023-04,32.49789947029008,28.742861655944164,29.633378234284365,2.8645212360057153,0.8100320089341057
Polarization_minseg3_K3_AR2,Polarization,3,2023-05,27.49930123577101,28.742861655944164,25.749784264150605,1.7495169716204049,0.49473005449318364
Polarization_minseg3_K3_AR2,Polarization,3,2023-06,25.71324208038159,28.742861655944164,28.220342908302705,-2.5071008279211147,-0.7089603298152153
Polarization_minseg3_K3_AR2,Polarization,3,2023-07,29.383080146555763,28.742861655944164,31.71432967515588,-2.331249528600119,-0.6592329340213953
Polarization_minseg3_K3_AR2,Polarization,3,2023-08,29.781083213550914,28.742861655944164,29.45969664787535,0.32138656567556356,0.09088199527597784
Polarization_minseg3_K3_AR2,Polarization,3,2023-09,41.271931705613255,39.90849726424197,38.80277121067671,2.4691604949365478,0.698231526774477
Polarization_minseg3_K3_AR2,Polarization,3,2023-10,40.78014034512094,39.90849726424197,38.37576148924684,2.4043788558741026,0.6799125139592787
Polarization_minseg3_K3_AR2,Polarization,3,2023-11,35.94284144791523,39.90849726424197,38.6428316247645,-2.6999901768492656,-0.7635057612996513
Polarization_minseg3_K3_AR2,Polarization,3,2023-12,40.423281061443845,39.90849726424197,42.777163144394265,-2.353882082950417,-0.6656329890243896
Polarization_minseg3_K3_AR2,Polarization,3,2024-01,39.40252177887654,39.90849726424197,41.10964831165499,-1.7071265327784553,-0.48274284633318304
Polarization_minseg3_K3_AR2,Polarization,3,2024-02,41.889201128166896,39.90849726424197,40.10967213129932,1.7795289968675747,0.5032168832161031
Polarization_minseg3_K3_AR2,Polarization,3,2024-03,41.88287375987609,39.90849726424197,38.50454546321611,3.378328296659977,0.9553268527337796
Polarization_minseg3_K3_AR2,Polarization,3,2024-04,35.18767131484606,39.90849726424197,37.4940209982697,-2.3063496834236417,-0.6521917323863972
Polarization_minseg3_K3_AR2,Polarization,3,2024-05,35.80912090529779,39.90849726424197,42.94082672028594,-7.13170581498815,-2.016710477069882
Polarization_minseg3_K3_AR2,Polarization,3,2024-06,46.48207567430694,39.90849726424197,45.17010949487155,1.3119661794353954,0.3709990300031891
Polarization_minseg3_K3_AR2,Polarization,3,2024-07,42.05405671286235,39.90849726424197,36.23754102666127,5.81651568620108,1.6447997756372013
Polarization_minseg3_K3_AR2,Polarization,3,2024-08,40.50181432113925,39.90849726424197,35.47889048945995,5.022923831679302,1.420387124716035
Polarization_minseg3_K3_AR2,Polarization,3,2024-09,38.40279819744461,39.90849726424197,38.54969879034221,-0.14690059289760282,-0.04154068780596012
Polarization_minseg3_K3_AR2,Polarization,3,2024-10,40.08625063999523,39.90849726424197,40.890523522401004,-0.8042728824057789,-0.22743304203071962
Polarization_minseg3_K3_AR2,Polarization,3,2024-11,41.0867992308096,39.90849726424197,40.3789505866483,0.7078486441613039,0.2001661052618986
Polarization_minseg3_K3_AR2,Polarization,3,2024-12,34.93691958961276,39.90849726424197,38.87775562150247,-3.94083603188972,-1.1143933190883737
Polarization_minseg4_K3_AR2,Polarization,4,2022-03,19.968979886147597,28.20200642043469,26.104975631831863,-6.135995745684267,-1.7351426472992066
Polarization_minseg4_K3_AR2,Polarization,4,2022-04,29.187411939676807,28.20200642043469,32.62665047959001,-3.439238539913205,-0.9725511086013591
Polarization_minseg4_K3_AR2,Polarization,4,2022-05,36.70169823824752,28.20200642043469,30.763452702172778,5.9382455360747475,1.679222657060105
Polarization_minseg4_K3_AR2,Polarization,4,2022-06,14.150831658218094,28.20200642043469,20.88797673181859,-6.737145073600497,-1.9051362195725177
Polarization_minseg4_K3_AR2,Polarization,4,2022-07,39.69731341333724,28.20200642043469,36.15610663652784,3.5412067768094024,1.0013857825225305
Polarization_minseg4_K3_AR2,Polarization,4,2022-08,23.493171991639585,28.20200642043469,24.593687368925988,-1.1005153772864036,-0.3112047733216393
Polarization_minseg4_K3_AR2,Polarization,4,2022-09,40.33633774456976,37.273519261377785,36.40732961666263,3.9290081279071303,1.1110486132771307
Polarization_minseg4_K3_AR2,Polarization,4,2022-10,39.34476896622999,37.273519261377785,36.7062761934727,2.6384927727572904,0.7461154675379207
Polarization_minseg4_K3_AR2,Polarization,4,2022-11,35.68709475730685,37.273519261377785,34.338286929274844,1.34880782803201,0.38141714603949156
Polarization_minseg4_K3_AR2,Polarization,4,2022-12,41.621635424008375,37.273519261377785,37.71753470643063,3.90410071757775,1.1040052723610803
Polarization_minseg4_K3_AR2,Polarization,4,2023-01,31.79647862160208,37.273519261377785,34.385803028079636,-2.5893244064775565,-0.7322115906830516
Polarization_minseg4_K3_AR2,Polarization,4,2023-02,35.38737231922933,37.273519261377785,39.951226636133235,-4.563854316903905,-1.290571015615569
Polarization_minseg4_K3_AR2,Polarization,4,2023-03,37.12578446744588,37.273519261377785,41.04430966481144,-3.918525197365561,-1.1080842403203623
Polarization_minseg4_K3_AR2,Polarization,4,2023-04,32.49789947029008,28.742861655944164,29.633378234284365,2.8645212360057153,0.8100320089341057
Polarization_minseg4_K3_AR2,Polarization,4,2023-05,27.49930123577101,28.742861655944164,25.749784264150605,1.7495169716204049,0.49473005449318364
Polarization_minseg4_K3_AR2,Polarization,4,2023-06,25.71324208038159,28.742861655944164,28.220342908302705,-2.5071008279211147,-0.7089603298152153
Polarization_minseg4_K3_AR2,Polarization,4,2023-07,29.383080146555763,28.742861655944164,31.71432967515588,-2.331249528600119,-0.6592329340213953
Polarization_minseg4_K3_AR2,Polarization,4,2023-08,29.781083213550914,28.742861655944164,29.45969664787535,0.32138656567556356,0.09088199527597784
Polarization_minseg4_K3_AR2,Polarization,4,2023-09,41.271931705613255,39.90849726424197,38.80277121067671,2.4691604949365478,0.698231526774477
Polarization_minseg4_K3_AR2,Polarization,4,2023-10,40.78014034512094,39.90849726424197,38.37576148924684,2.4043788558741026,0.6799125139592787
Polarization_minseg4_K3_AR2,Polarization,4,2023-11,35.94284144791523,39.90849726424197,38.6428316247645,-2.6999901768492656,-0.7635057612996513
Polarization_minseg4_K3_AR2,Polarization,4,2023-12,40.423281061443845,39.90849726424197,42.777163144394265,-2.353882082950417,-0.6656329890243896
Polarization_minseg4_K3_AR2,Polarization,4,2024-01,39.40252177887654,39.90849726424197,41.10964831165499,-1.7071265327784553,-0.48274284633318304
Polarization_minseg4_K3_AR2,Polarization,4,2024-02,41.889201128166896,39.90849726424197,40.10967213129932,1.7795289968675747,0.5032168832161031
Polarization_minseg4_K3_AR2,Polarization,4,2024-03,41.88287375987609,39.90849726424197,38.50454546321611,3.378328296659977,0.9553268527337796
Polarization_minseg4_K3_AR2,Polarization,4,2024-04,35.18767131484606,39.90849726424197,37.4940209982697,-2.3063496834236417,-0.6521917323863972
Polarization_minseg4_K3_AR2,Polarization,4,2024-05,35.80912090529779,39.90849726424197,42.94082672028594,-7.13170581498815,-2.016710477069882
Polarization_minseg4_K3_AR2,Polarization,4,2024-06,46.48207567430694,39.90849726424197,45.17010949487155,1.3119661794353954,0.3709990300031891
Polarization_minseg4_K3_AR2,Polarization,4,2024-07,42.05405671286235,39.90849726424197,36.23754102666127,5.81651568620108,1.6447997756372013
Polarization_minseg4_K3_AR2,Polarization,4,2024-08,40.50181432113925,39.90849726424197,35.47889048945995,5.022923831679302,1.420387124716035
Polarization_minseg4_K3_AR2,Polarization,4,2024-09,38.40279819744461,39.90849726424197,38.54969879034221,-0.14690059289760282,-0.04154068780596012
Polarization_minseg4_K3_AR2,Polarization,4,2024-10,40.08625063999523,39.90849726424197,40.890523522401004,-0.8042728824057789,-0.22743304203071962
Polarization_minseg4_K3_AR2,Polarization,4,2024-11,41.0867992308096,39.90849726424197,40.3789505866483,0.7078486441613039,0.2001661052618986
Polarization_minseg4_K3_AR2,Polarization,4,2024-12,34.93691958961276,39.90849726424197,38.87775562150247,-3.94083603188972,-1.1143933190883737
Polarization_minseg5_K3_AR2,Polarization,5,2022-03,19.968979886147597,28.20200642043469,26.104975631831863,-6.135995745684267,-1.7351426472992066
Polarization_minseg5_K3_AR2,Polarization,5,2022-04,29.187411939676807,28.20200642043469,32.62665047959001,-3.439238539913205,-0.9725511086013591
Polarization_minseg5_K3_AR2,Polarization,5,2022-05,36.70169823824752,28.20200642043469,30.763452702172778,5.9382455360747475,1.679222657060105
Polarization_minseg5_K3_AR2,Polarization,5,2022-06,14.150831658218094,28.20200642043469,20.88797673181859,-6.737145073600497,-1.9051362195725177
Polarization_minseg5_K3_AR2,Polarization,5,2022-07,39.69731341333724,28.20200642043469,36.15610663652784,3.5412067768094024,1.0013857825225305
Polarization_minseg5_K3_AR2,Polarization,5,2022-08,23.493171991639585,28.20200642043469,24.593687368925988,-1.1005153772864036,-0.3112047733216393
Polarization_minseg5_K3_AR2,Polarization,5,2022-09,40.33633774456976,37.273519261377785,36.40732961666263,3.9290081279071303,1.1110486132771307
Polarization_minseg5_K3_AR2,Polarization,5,2022-10,39.34476896622999,37.273519261377785,36.7062761934727,2.6384927727572904,0.7461154675379207
Polarization_minseg5_K3_AR2,Polarization,5,2022-11,35.68709475730685,37.273519261377785,34.338286929274844,1.34880782803201,0.38141714603949156
Polarization_minseg5_K3_AR2,Polarization,5,2022-12,41.621635424008375,37.273519261377785,37.71753470643063,3.90410071757775,1.1040052723610803
Polarization_minseg5_K3_AR2,Polarization,5,2023-01,31.79647862160208,37.273519261377785,34.385803028079636,-2.5893244064775565,-0.7322115906830516
Polarization_minseg5_K3_AR2,Polarization,5,2023-02,35.38737231922933,37.273519261377785,39.951226636133235,-4.563854316903905,-1.290571015615569
Polarization_minseg5_K3_AR2,Polarization,5,2023-03,37.12578446744588,37.273519261377785,41.04430966481144,-3.918525197365561,-1.1080842403203623
Polarization_minseg5_K3_AR2,Polarization,5,2023-04,32.49789947029008,28.742861655944164,29.633378234284365,2.8645212360057153,0.8100320089341057
Polarization_minseg5_K3_AR2,Polarization,5,2023-05,27.49930123577101,28.742861655944164,25.749784264150605,1.7495169716204049,0.49473005449318364
Polarization_minseg5_K3_AR2,Polarization,5,2023-06,25.71324208038159,28.742861655944164,28.220342908302705,-2.5071008279211147,-0.7089603298152153
Polarization_minseg5_K3_AR2,Polarization,5,2023-07,29.383080146555763,28.742861655944164,31.71432967515588,-2.331249528600119,-0.6592329340213953
Polarization_minseg5_K3_AR2,Polarization,5,2023-08,29.781083213550914,28.742861655944164,29.45969664787535,0.32138656567556356,0.09088199527597784
Polarization_minseg5_K3_AR2,Polarization,5,2023-09,41.271931705613255,39.90849726424197,38.80277121067671,2.4691604949365478,0.698231526774477
Polarization_minseg5_K3_AR2,Polarization,5,2023-10,40.78014034512094,39.90849726424197,38.37576148924684,2.4043788558741026,0.6799125139592787
Polarization_minseg5_K3_AR2,Polarization,5,2023-11,35.94284144791523,39.90849726424197,38.6428316247645,-2.6999901768492656,-0.7635057612996513
Polarization_minseg5_K3_AR2,Polarization,5,2023-12,40.423281061443845,39.90849726424197,42.777163144394265,-2.353882082950417,-0.6656329890243896
Polarization_minseg5_K3_AR2,Polarization,5,2024-01,39.40252177887654,39.90849726424197,41.10964831165499,-1.7071265327784553,-0.48274284633318304
Polarization_minseg5_K3_AR2,Polarization,5,2024-02,41.889201128166896,39.90849726424197,40.10967213129932,1.7795289968675747,0.5032168832161031
Polarization_minseg5_K3_AR2,Polarization,5,2024-03,41.88287375987609,39.90849726424197,38.50454546321611,3.378328296659977,0.9553268527337796
Polarization_minseg5_K3_AR2,Polarization,5,2024-04,35.18767131484606,39.90849726424197,37.4940209982697,-2.3063496834236417,-0.6521917323863972
Polarization_minseg5_K3_AR2,Polarization,5,2024-05,35.80912090529779,39.90849726424197,42.94082672028594,-7.13170581498815,-2.016710477069882
Polarization_minseg5_K3_AR2,Polarization,5,2024-06,46.48207567430694,39.90849726424197,45.17010949487155,1.3119661794353954,0.3709990300031891
Polarization_minseg5_K3_AR2,Polarization,5,2024-07,42.05405671286235,39.90849726424197,36.23754102666127,5.81651568620108,1.6447997756372013
Polarization_minseg5_K3_AR2,Polarization,5,2024-08,40.50181432113925,39.90849726424197,35.47889048945995,5.022923831679302,1.420387124716035
Polarization_minseg5_K3_AR2,Polarization,5,2024-09,38.40279819744461,39.90849726424197,38.54969879034221,-0.14690059289760282,-0.04154068780596012
Polarization_minseg5_K3_AR2,Polarization,5,2024-10,40.08625063999523,39.90849726424197,40.890523522401004,-0.8042728824057789,-0.22743304203071962
Polarization_minseg5_K3_AR2,Polarization,5,2024-11,41.0867992308096,39.90849726424197,40.3789505866483,0.7078486441613039,0.2001661052618986
Polarization_minseg5_K3_AR2,Polarization,5,2024-12,34.93691958961276,39.90849726424197,38.87775562150247,-3.94083603188972,-1.1143933190883737
Polarization_minseg6_K3_AR2,Polarization,6,2022-03,19.968979886147597,28.104975368333957,26.388771658018946,-6.419791771871351,-1.6693882947512004
Polarization_minseg6_K3_AR2,Polarization,6,2022-04,29.187411939676807,28.104975368333957,32.01377472664614,-2.826362786969332,-0.7349610580767503
Polarization_minseg6_K3_AR2,Polarization,6,2022-05,36.70169823824752,28.104975368333957,30.554957666572918,6.146740571674606,1.5983846713200716
Polarization_minseg6_K3_AR2,Polarization,6,2022-06,14.150831658218094,28.104975368333957,21.538616720108603,-7.38778506189051,-1.9211031050097023
Polarization_minseg6_K3_AR2,Polarization,6,2022-07,39.69731341333724,28.104975368333957,34.66218774619828,5.035125667138962,1.3093228176266705
Polarization_minseg6_K3_AR2,Polarization,6,2022-08,23.493171991639585,28.104975368333957,25.356113276642247,-1.8629412850026608,-0.48443508535879726
Polarization_minseg6_K3_AR2,Polarization,6,2022-09,40.33633774456976,37.77222600928037,36.47291253195861,3.86342521261115,1.004636451892223
Polarization_minseg6_K3_AR2,Polarization,6,2022-10,39.34476896622999,37.77222600928037,37.768390910983975,1.5763780552460183,0.4099178239800236
Polarization_minseg6_K3_AR2,Polarization,6,2022-11,35.68709475730685,37.77222600928037,35.63383538439302,0.05325937291383642,0.0138494482200675
Polarization_minseg6_K3_AR2,Polarization,6,2022-12,41.621635424008375,37.77222600928037,38.637989247623324,2.98364617638505,0.7758606789024358
Polarization_minseg6_K3_AR2,Polarization,6,2023-01,31.79647862160208,37.77222600928037,35.84990807203249,-4.053429450430411,-1.0540447289579038
Polarization_minseg6_K3_AR2,Polarization,6,2023-02,35.38737231922933,37.77222600928037,40.513777505326956,-5.126405186097625,-1.3330589395937065
Polarization_minseg6_K3_AR2,Polarization,6,2023-03,37.12578446744588,29.790882573337726,33.86061577722619,3.2651686902196984,0.8490671637862127
Polarization_minseg6_K3_AR2,Polarization,6,2023-04,32.49789947029008,29.790882573337726,25.498837823943774,6.999061646346305,1.8200203373958794
Polarization_minseg6_K3_AR2,Polarization,6,2023-05,27.49930123577101,29.790882573337726,24.952762133096236,2.5465391026747746,0.6621963330272147
Polarization_minseg6_K3_AR2,Polarization,6,2023-06,25.71324208038159,29.790882573337726,30.354658720338154,-4.641416639956563,-1.2069436027125717
Polarization_minseg6_K3_AR2,Polarization,6,2023-07,29.383080146555763,29.790882573337726,33.60982276244247,-4.226742615886709,-1.0991126968952323
Polarization_minseg6_K3_AR2,Polarization,6,2023-08,29.781083213550914,29.790882573337726,31.69724226646719,-1.916159052916276,-0.49827371470765514
Polarization_minseg6_K3_AR2,Polarization,6,2023-09,41.271931705613255,39.8718967631449,40.040429277404264,1.2315024282089886,0.32023713722579045
Polarization_minseg6_K3_AR2,Polarization,6,2023-10,40.78014034512094,39.8718967631449,38.87623000739195,1.903910337728985,0.4950885862041111
Polarization_minseg6_K3_AR2,Polarization,6,2023-11,35.94284144791523,39.8718967631449,38.668886856395254,-2.726045408480026,-0.7088747513301754
Polarization_minseg6_K3_AR2,Polarization,6,2023-12,40.423281061443845,39.8718967631449,42.317259365454234,-1.8939783040103864,-0.49250588236852083
Polarization_minseg6_K3_AR2,Polarization,6,2024-01,39.40252177887654,39.8718967631449,41.03459287559758,-1.6320710967210452,-0.42440011792994115
Polarization_minseg6_K3_AR2,Polarization,6,2024-02,41.889201128166896,39.8718967631449,39.98859372872418,1.9006073994427146,0.49422969751903806
Polarization_minseg6_K3_AR2,Polarization,6,2024-03,41.88287375987609,39.8718967631449,38.61757778328077,3.265295976595318,0.849100263050658
Polarization_minseg6_K3_AR2,Polarization,6,2024-04,35.18767131484606,39.8718967631449,37.63708632985418,-2.4494150150081224,-0.6369404024844962
Polarization_minseg6_K3_AR2,Polarization,6,2024-05,35.80912090529779,39.8718967631449,42.41960126488946,-6.6104803595916675,-1.7189745286346307
Polarization_minseg6_K3_AR2,Polarization,6,2024-06,46.48207567430694,39.8718967631449,44.627984576305614,1.8540910980013283,0.4821337025240582
Polarization_minseg6_K3_AR2,Polarization,6,2024-07,42.05405671286235,39.8718967631449,36.76191330323063,5.292143409631716,1.3761571365746372
Polarization_minseg6_K3_AR2,Polarization,6,2024-08,40.50181432113925,39.8718967631449,35.69556851383023,4.8062458073090175,1.2498054107570973
Polarization_minseg6_K3_AR2,Polarization,6,2024-09,38.40279819744461,39.8718967631449,38.557785650204316,-0.15498745275970371,-0.04030259059242567
Polarization_minseg6_K3_AR2,Polarization,6,2024-10,40.08625063999523,39.8718967631449,40.6712335848155,-0.5849829448202759,-0.15211765668022445
Polarization_minseg6_K3_AR2,Polarization,6,2024-11,41.0867992308096,39.8718967631449,40.30079052494048,0.7860087058691236,0.20439194599733335
Polarization_minseg6_K3_AR2,Polarization,6,2024-12,34.93691958961276,39.8718967631449,38.91961420850254,-3.9826946188897834,-1.0356510015596863
Party Brand Index_minseg3_K1_AR0,Party Brand Index,3,2022-03,43.031746997270034,53.71945657561568,53.71945657561568,-10.687709578345647,-2.285562812718289
Party Brand Index_minseg3_K1_AR0,Party Brand Index,3,2022-04,52.04340502830389,53.71945657561568,53.71945657561568,-1.6760515473117934,-0.3584230148334309
Party Brand Index_minseg3_K1_AR0,Party Brand Index,3,2022-05,55.72073476834652,53.71945657561568,53.71945657561568,2.0012781927308367,0.42797261486943244
Party Brand Index_minseg3_K1_AR0,Party Brand Index,3,2022-06,44.275881058987245,53.71945657561568,53.71945657561568,-9.443575516628435,-2.019505195353917
Party Brand Index_minseg3_K1_AR0,Party Brand Index,3,2022-07,56.19299969599727,53.71945657561568,53.71945657561568,2.473543120381592,0.5289662981724118
Party Brand Index_minseg3_K1_AR0,Party Brand Index,3,2022-08,53.38697492221824,53.71945657561568,53.71945657561568,-0.33248165339743707,-0.0711010808579531
Party Brand Index_minseg3_K1_AR0,Party Brand Index,3,2022-09,53.89953584964042,53.71945657561568,53.71945657561568,0.18007927402474166,0.03850988736503121
Party Brand Index_minseg3_K1_AR0,Party Brand Index,3,2022-10,64.56066475629389,53.71945657561568,53.71945657561568,10.841208180678208,2.31838843309315
Party Brand Index_minseg3_K1_AR0,Party Brand Index,3,2022-11,52.616024215582,53.71945657561568,53.71945657561568,-1.103432360033679,-0.2359686095468671
Party Brand Index_minseg3_K1_AR0,Party Brand Index,3,2022-12,64.10896206747798,53.71945657561568,53.71945657561568,10.389505491862295,2.2217919770990378
Party Brand Index_minseg3_K1_AR0,Party Brand Index,3,2023-01,54.06747217334802,53.71945657561568,53.71945657561568,0.34801559773234203,0.07442300921373747
Party Brand Index_minseg3_K1_AR0,Party Brand Index,3,2023-02,54.10088919061863,53.71945657561568,53.71945657561568,0.3814326150029501,0.08156922622363952
Party Brand Index_minseg3_K1_AR0,Party Brand Index,3,2023-03,61.63854851328894,53.71945657561568,53.71945657561568,7.919091937673258,1.6934949355205868
Party Brand Index_minseg3_K1_AR0,Party Brand Index,3,2023-04,54.08680911376589,53.71945657561568,53.71945657561568,0.3673525381502074,0.07855820690102937
Party Brand Index_minseg3_K1_AR0,Party Brand Index,3,2023-05,50.426313335936726,53.71945657561568,53.71945657561568,-3.2931432396789546,-0.7042374860947437
Party Brand Index_minseg3_K1_AR0,Party Brand Index,3,2023-06,51.89977194931201,53.71945657561568,53.71945657561568,-1.819684626303669,-0.38913889662396833
Party Brand Index_minseg3_K1_AR0,Party Brand Index,3,2023-07,47.95353131489423,53.71945657561568,53.71945657561568,-5.765925260721453,-1.2330410234498386
Party Brand Index_minseg3_K1_AR0,Party Brand Index,3,2023-08,52.939953409769046,53.71945657561568,53.71945657561568,-0.7795031658466343,-0.16669646898573562
Party Brand Index_minseg3_K1_AR0,Party Brand Index,3,2023-09,62.45538441329845,61.29802141599746,61.298021415997454,1.157362997300993,0.24750165674475433
Party Brand Index_minseg3_K1_AR0,Party Brand Index,3,2023-10,61.486536502695664,61.29802141599746,61.298021415997454,0.18851508669821015,0.04031388284228497
Party Brand Index_minseg3_K1_AR0,Party Brand Index,3,2023-11,57.5910398908809,61.29802141599746,61.298021415997454,-3.7069815251165537,-0.7927366531746263
Party Brand Index_minseg3_K1_AR0,Party Brand Index,3,2023-12,61.1984321948073,61.29802141599746,61.298021415997454,-0.09958922119015057,-0.02129711879156594
Party Brand Index_minseg3_K1_AR0,Party Brand Index,3,2024-01,58.6446518557328,61.29802141599746,61.298021415997454,-2.6533695602646503,-0.5674221170480459
Party Brand Index_minseg3_K1_AR0,Party Brand Index,3,2024-02,61.30124558145313,61.29802141599746,61.298021415997454,0.0032241654556770527,0.000689486612031148
Party Brand Index_minseg3_K1_AR0,Party Brand Index,3,2024-03,63.34171500950752,61.29802141599746,61.298021415997454,2.0436935935100635,0.43704313292542074
Party Brand Index_minseg3_K1_AR0,Party Brand Index,3,2024-04,55.880535554368535,61.29802141599746,61.298021415997454,-5.4174858616289185,-1.1585273844691024
Party Brand Index_minseg3_K1_AR0,Party Brand Index,3,2024-05,54.03774135246251,61.29802141599746,61.298021415997454,-7.2602800635349425,-1.552608255444756
Party Brand Index_minseg3_K1_AR0,Party Brand Index,3,2024-06,68.23354445533982,61.29802141599746,61.298021415997454,6.935523039342371,1.4831590837375201
Party Brand Index_minseg3_K1_AR0,Party Brand Index,3,2024-07,65.34963060816732,61.29802141599746,61.298021415997454,4.051609192169863,0.8664351546427796
Party Brand Index_minseg3_K1_AR0,Party Brand Index,3,2024-08,64.74803131349269,61.29802141599746,61.298021415997454,3.450009897495235,0.737783363911887
Party Brand Index_minseg3_K1_AR0,Party Brand Index,3,2024-09,61.53512440852972,61.29802141599746,61.298021415997454,0.23710299253226452,0.05070438886306724
Party Brand Index_minseg3_K1_AR0,Party Brand Index,3,2024-10,60.267173655000605,61.29802141599746,61.298021415997454,-1.0308477609968492,-0.2204464193976541
Party Brand Index_minseg3_K1_AR0,Party Brand Index,3,2024-11,63.06219466032603,61.29802141599746,61.298021415997454,1.7641732443285747,0.37726780774427643
Party Brand Index_minseg3_K1_AR0,Party Brand Index,3,2024-12,61.6353611998906,61.29802141599746,61.298021415997454,0.33733978389314956,0.07213999030051786
Party Brand Index_minseg4_K1_AR0,Party Brand Index,4,2022-03,43.031746997270034,53.71945657561568,53.71945657561568,-10.687709578345647,-2.285562812718289
Party Brand Index_minseg4_K1_AR0,Party Brand Index,4,2022-04,52.04340502830389,53.71945657561568,53.71945657561568,-1.6760515473117934,-0.3584230148334309
Party Brand Index_minseg4_K1_AR0,Party Brand Index,4,2022-05,55.72073476834652,53.71945657561568,53.71945657561568,2.0012781927308367,0.42797261486943244
Party Brand Index_minseg4_K1_AR0,Party Brand Index,4,2022-06,44.275881058987245,53.71945657561568,53.71945657561568,-9.443575516628435,-2.019505195353917
Party Brand Index_minseg4_K1_AR0,Party Brand Index,4,2022-07,56.19299969599727,53.71945657561568,53.71945657561568,2.473543120381592,0.5289662981724118
Party Brand Index_minseg4_K1_AR0,Party Brand Index,4,2022-08,53.38697492221824,53.71945657561568,53.71945657561568,-0.33248165339743707,-0.0711010808579531
Party Brand Index_minseg4_K1_AR0,Party Brand Index,4,2022-09,53.89953584964042,53.71945657561568,53.71945657561568,0.18007927402474166,0.03850988736503121
Party Brand Index_minseg4_K1_AR0,Party Brand Index,4,2022-10,64.56066475629389,53.71945657561568,53.71945657561568,10.841208180678208,2.31838843309315
Party Brand Index_minseg4_K1_AR0,Party Brand Index,4,2022-11,52.616024215582,53.71945657561568,53.71945657561568,-1.103432360033679,-0.2359686095468671
Party Brand Index_minseg4_K1_AR0,Party Brand Index,4,2022-12,64.10896206747798,53.71945657561568,53.71945657561568,10.389505491862295,2.2217919770990378
Party Brand Index_minseg4_K1_AR0,Party Brand Index,4,2023-01,54.06747217334802,53.71945657561568,53.71945657561568,0.34801559773234203,0.07442300921373747
Party Brand Index_minseg4_K1_AR0,Party Brand Index,4,2023-02,54.10088919061863,53.71945657561568,53.71945657561568,0.3814326150029501,0.08156922622363952
Party Brand Index_minseg4_K1_AR0,Party Brand Index,4,2023-03,61.63854851328894,53.71945657561568,53.71945657561568,7.919091937673258,1.6934949355205868
Party Brand Index_minseg4_K1_AR0,Party Brand Index,4,2023-04,54.08680911376589,53.71945657561568,53.71945657561568,0.3673525381502074,0.07855820690102937
Party Brand Index_minseg4_K1_AR0,Party Brand Index,4,2023-05,50.426313335936726,53.71945657561568,53.71945657561568,-3.2931432396789546,-0.7042374860947437
Party Brand Index_minseg4_K1_AR0,Party Brand Index,4,2023-06,51.89977194931201,53.71945657561568,53.71945657561568,-1.819684626303669,-0.38913889662396833
Party Brand Index_minseg4_K1_AR0,Party Brand Index,4,2023-07,47.95353131489423,53.71945657561568,53.71945657561568,-5.765925260721453,-1.2330410234498386
Party Brand Index_minseg4_K1_AR0,Party Brand Index,4,2023-08,52.939953409769046,53.71945657561568,53.71945657561568,-0.7795031658466343,-0.16669646898573562
Party Brand Index_minseg4_K1_AR0,Party Brand Index,4,2023-09,62.45538441329845,61.29802141599746,61.298021415997454,1.157362997300993,0.24750165674475433
Party Brand Index_minseg4_K1_AR0,Party Brand Index,4,2023-10,61.486536502695664,61.29802141599746,61.298021415997454,0.18851508669821015,0.04031388284228497
Party Brand Index_minseg4_K1_AR0,Party Brand Index,4,2023-11,57.5910398908809,61.29802141599746,61.298021415997454,-3.7069815251165537,-0.7927366531746263
Party Brand Index_minseg4_K1_AR0,Party Brand Index,4,2023-12,61.1984321948073,61.29802141599746,61.298021415997454,-0.09958922119015057,-0.02129711879156594
Party Brand Index_minseg4_K1_AR0,Party Brand Index,4,2024-01,58.6446518557328,61.29802141599746,61.298021415997454,-2.6533695602646503,-0.5674221170480459
Party Brand Index_minseg4_K1_AR0,Party Brand Index,4,2024-02,61.30124558145313,61.29802141599746,61.298021415997454,0.0032241654556770527,0.000689486612031148
Party Brand Index_minseg4_K1_AR0,Party Brand Index,4,2024-03,63.34171500950752,61.29802141599746,61.298021415997454,2.0436935935100635,0.43704313292542074
Party Brand Index_minseg4_K1_AR0,Party Brand Index,4,2024-04,55.880535554368535,61.29802141599746,61.298021415997454,-5.4174858616289185,-1.1585273844691024
Party Brand Index_minseg4_K1_AR0,Party Brand Index,4,2024-05,54.03774135246251,61.29802141599746,61.298021415997454,-7.2602800635349425,-1.552608255444756
Party Brand Index_minseg4_K1_AR0,Party Brand Index,4,2024-06,68.23354445533982,61.29802141599746,61.298021415997454,6.935523039342371,1.4831590837375201
Party Brand Index_minseg4_K1_AR0,Party Brand Index,4,2024-07,65.34963060816732,61.29802141599746,61.298021415997454,4.051609192169863,0.8664351546427796
Party Brand Index_minseg4_K1_AR0,Party Brand Index,4,2024-08,64.74803131349269,61.29802141599746,61.298021415997454,3.450009897495235,0.737783363911887
Party Brand Index_minseg4_K1_AR0,Party Brand Index,4,2024-09,61.53512440852972,61.29802141599746,61.298021415997454,0.23710299253226452,0.05070438886306724
Party Brand Index_minseg4_K1_AR0,Party Brand Index,4,2024-10,60.267173655000605,61.29802141599746,61.298021415997454,-1.0308477609968492,-0.2204464193976541
Party Brand Index_minseg4_K1_AR0,Party Brand Index,4,2024-11,63.06219466032603,61.29802141599746,61.298021415997454,1.7641732443285747,0.37726780774427643
Party Brand Index_minseg4_K1_AR0,Party Brand Index,4,2024-12,61.6353611998906,61.29802141599746,61.298021415997454,0.33733978389314956,0.07213999030051786
Party Brand Index_minseg5_K1_AR0,Party Brand Index,5,2022-03,43.031746997270034,53.71945657561568,53.71945657561568,-10.687709578345647,-2.285562812718289
Party Brand Index_minseg5_K1_AR0,Party Brand Index,5,2022-04,52.04340502830389,53.71945657561568,53.71945657561568,-1.6760515473117934,-0.3584230148334309
Party Brand Index_minseg5_K1_AR0,Party Brand Index,5,2022-05,55.72073476834652,53.71945657561568,53.71945657561568,2.0012781927308367,0.42797261486943244
Party Brand Index_minseg5_K1_AR0,Party Brand Index,5,2022-06,44.275881058987245,53.71945657561568,53.71945657561568,-9.443575516628435,-2.019505195353917
Party Brand Index_minseg5_K1_AR0,Party Brand Index,5,2022-07,56.19299969599727,53.71945657561568,53.71945657561568,2.473543120381592,0.5289662981724118
Party Brand Index_minseg5_K1_AR0,Party Brand Index,5,2022-08,53.38697492221824,53.71945657561568,53.71945657561568,-0.33248165339743707,-0.0711010808579531
Party Brand Index_minseg5_K1_AR0,Party Brand Index,5,2022-09,53.89953584964042,53.71945657561568,53.71945657561568,0.18007927402474166,0.03850988736503121
Party Brand Index_minseg5_K1_AR0,Party Brand Index,5,2022-10,64.56066475629389,53.71945657561568,53.71945657561568,10.841208180678208,2.31838843309315
Party Brand Index_minseg5_K1_AR0,Party Brand Index,5,2022-11,52.616024215582,53.71945657561568,53.71945657561568,-1.103432360033679,-0.2359686095468671
Party Brand Index_minseg5_K1_AR0,Party Brand Index,5,2022-12,64.10896206747798,53.71945657561568,53.71945657561568,10.389505491862295,2.2217919770990378
Party Brand Index_minseg5_K1_AR0,Party Brand Index,5,2023-01,54.06747217334802,53.71945657561568,53.71945657561568,0.34801559773234203,0.07442300921373747
Party Brand Index_minseg5_K1_AR0,Party Brand Index,5,2023-02,54.10088919061863,53.71945657561568,53.71945657561568,0.3814326150029501,0.08156922622363952
Party Brand Index_minseg5_K1_AR0,Party Brand Index,5,2023-03,61.63854851328894,53.71945657561568,53.71945657561568,7.919091937673258,1.6934949355205868
Party Brand Index_minseg5_K1_AR0,Party Brand Index,5,2023-04,54.08680911376589,53.71945657561568,53.71945657561568,0.3673525381502074,0.07855820690102937
Party Brand Index_minseg5_K1_AR0,Party Brand Index,5,2023-05,50.426313335936726,53.71945657561568,53.71945657561568,-3.2931432396789546,-0.7042374860947437
Party Brand Index_minseg5_K1_AR0,Party Brand Index,5,2023-06,51.89977194931201,53.71945657561568,53.71945657561568,-1.819684626303669,-0.38913889662396833
Party Brand Index_minseg5_K1_AR0,Party Brand Index,5,2023-07,47.95353131489423,53.71945657561568,53.71945657561568,-5.765925260721453,-1.2330410234498386
Party Brand Index_minseg5_K1_AR0,Party Brand Index,5,2023-08,52.939953409769046,53.71945657561568,53.71945657561568,-0.7795031658466343,-0.16669646898573562
Party Brand Index_minseg5_K1_AR0,Party Brand Index,5,2023-09,62.45538441329845,61.29802141599746,61.298021415997454,1.157362997300993,0.24750165674475433
Party Brand Index_minseg5_K1_AR0,Party Brand Index,5,2023-10,61.486536502695664,61.29802141599746,61.298021415997454,0.18851508669821015,0.04031388284228497
Party Brand Index_minseg5_K1_AR0,Party Brand Index,5,2023-11,57.5910398908809,61.29802141599746,61.298021415997454,-3.7069815251165537,-0.7927366531746263
Party Brand Index_minseg5_K1_AR0,Party Brand Index,5,2023-12,61.1984321948073,61.29802141599746,61.298021415997454,-0.09958922119015057,-0.02129711879156594
Party Brand Index_minseg5_K1_AR0,Party Brand Index,5,2024-01,58.6446518557328,61.29802141599746,61.298021415997454,-2.6533695602646503,-0.5674221170480459
Party Brand Index_minseg5_K1_AR0,Party Brand Index,5,2024-02,61.30124558145313,61.29802141599746,61.298021415997454,0.0032241654556770527,0.000689486612031148
Party Brand Index_minseg5_K1_AR0,Party Brand Index,5,2024-03,63.34171500950752,61.29802141599746,61.298021415997454,2.0436935935100635,0.43704313292542074
Party Brand Index_minseg5_K1_AR0,Party Brand Index,5,2024-04,55.880535554368535,61.29802141599746,61.298021415997454,-5.4174858616289185,-1.1585273844691024
Party Brand Index_minseg5_K1_AR0,Party Brand Index,5,2024-05,54.03774135246251,61.29802141599746,61.298021415997454,-7.2602800635349425,-1.552608255444756
Party Brand Index_minseg5_K1_AR0,Party Brand Index,5,2024-06,68.23354445533982,61.29802141599746,61.298021415997454,6.935523039342371,1.4831590837375201
Party Brand Index_minseg5_K1_AR0,Party Brand Index,5,2024-07,65.34963060816732,61.29802141599746,61.298021415997454,4.051609192169863,0.8664351546427796
Party Brand Index_minseg5_K1_AR0,Party Brand Index,5,2024-08,64.74803131349269,61.29802141599746,61.298021415997454,3.450009897495235,0.737783363911887
Party Brand Index_minseg5_K1_AR0,Party Brand Index,5,2024-09,61.53512440852972,61.29802141599746,61.298021415997454,0.23710299253226452,0.05070438886306724
Party Brand Index_minseg5_K1_AR0,Party Brand Index,5,2024-10,60.267173655000605,61.29802141599746,61.298021415997454,-1.0308477609968492,-0.2204464193976541
Party Brand Index_minseg5_K1_AR0,Party Brand Index,5,2024-11,63.06219466032603,61.29802141599746,61.298021415997454,1.7641732443285747,0.37726780774427643
Party Brand Index_minseg5_K1_AR0,Party Brand Index,5,2024-12,61.6353611998906,61.29802141599746,61.298021415997454,0.33733978389314956,0.07213999030051786
Party Brand Index_minseg6_K1_AR0,Party Brand Index,6,2022-03,43.031746997270034,53.71945657561568,53.71945657561568,-10.687709578345647,-2.285562812718289
Party Brand Index_minseg6_K1_AR0,Party Brand Index,6,2022-04,52.04340502830389,53.71945657561568,53.71945657561568,-1.6760515473117934,-0.3584230148334309
Party Brand Index_minseg6_K1_AR0,Party Brand Index,6,2022-05,55.72073476834652,53.71945657561568,53.71945657561568,2.0012781927308367,0.42797261486943244
Party Brand Index_minseg6_K1_AR0,Party Brand Index,6,2022-06,44.275881058987245,53.71945657561568,53.71945657561568,-9.443575516628435,-2.019505195353917
Party Brand Index_minseg6_K1_AR0,Party Brand Index,6,2022-07,56.19299969599727,53.71945657561568,53.71945657561568,2.473543120381592,0.5289662981724118
Party Brand Index_minseg6_K1_AR0,Party Brand Index,6,2022-08,53.38697492221824,53.71945657561568,53.71945657561568,-0.33248165339743707,-0.0711010808579531
Party Brand Index_minseg6_K1_AR0,Party Brand Index,6,2022-09,53.89953584964042,53.71945657561568,53.71945657561568,0.18007927402474166,0.03850988736503121
Party Brand Index_minseg6_K1_AR0,Party Brand Index,6,2022-10,64.56066475629389,53.71945657561568,53.71945657561568,10.841208180678208,2.31838843309315
Party Brand Index_minseg6_K1_AR0,Party Brand Index,6,2022-11,52.616024215582,53.71945657561568,53.71945657561568,-1.103432360033679,-0.2359686095468671
Party Brand Index_minseg6_K1_AR0,Party Brand Index,6,2022-12,64.10896206747798,53.71945657561568,53.71945657561568,10.389505491862295,2.2217919770990378
Party Brand Index_minseg6_K1_AR0,Party Brand Index,6,2023-01,54.06747217334802,53.71945657561568,53.71945657561568,0.34801559773234203,0.07442300921373747
Party Brand Index_minseg6_K1_AR0,Party Brand Index,6,2023-02,54.10088919061863,53.71945657561568,53.71945657561568,0.3814326150029501,0.08156922622363952
Party Brand Index_minseg6_K1_AR0,Party Brand Index,6,2023-03,61.63854851328894,53.71945657561568,53.71945657561568,7.919091937673258,1.6934949355205868
Party Brand Index_minseg6_K1_AR0,Party Brand Index,6,2023-04,54.08680911376589,53.71945657561568,53.71945657561568,0.3673525381502074,0.07855820690102937
Party Brand Index_minseg6_K1_AR0,Party Brand Index,6,2023-05,50.426313335936726,53.71945657561568,53.71945657561568,-3.2931432396789546,-0.7042374860947437
Party Brand Index_minseg6_K1_AR0,Party Brand Index,6,2023-06,51.89977194931201,53.71945657561568,53.71945657561568,-1.819684626303669,-0.38913889662396833
Party Brand Index_minseg6_K1_AR0,Party Brand Index,6,2023-07,47.95353131489423,53.71945657561568,53.71945657561568,-5.765925260721453,-1.2330410234498386
Party Brand Index_minseg6_K1_AR0,Party Brand Index,6,2023-08,52.939953409769046,53.71945657561568,53.71945657561568,-0.7795031658466343,-0.16669646898573562
Party Brand Index_minseg6_K1_AR0,Party Brand Index,6,2023-09,62.45538441329845,61.29802141599746,61.298021415997454,1.157362997300993,0.24750165674475433
Party Brand Index_minseg6_K1_AR0,Party Brand Index,6,2023-10,61.486536502695664,61.29802141599746,61.298021415997454,0.18851508669821015,0.04031388284228497
Party Brand Index_minseg6_K1_AR0,Party Brand Index,6,2023-11,57.5910398908809,61.29802141599746,61.298021415997454,-3.7069815251165537,-0.7927366531746263
Party Brand Index_minseg6_K1_AR0,Party Brand Index,6,2023-12,61.1984321948073,61.29802141599746,61.298021415997454,-0.09958922119015057,-0.02129711879156594
Party Brand Index_minseg6_K1_AR0,Party Brand Index,6,2024-01,58.6446518557328,61.29802141599746,61.298021415997454,-2.6533695602646503,-0.5674221170480459
Party Brand Index_minseg6_K1_AR0,Party Brand Index,6,2024-02,61.30124558145313,61.29802141599746,61.298021415997454,0.0032241654556770527,0.000689486612031148
Party Brand Index_minseg6_K1_AR0,Party Brand Index,6,2024-03,63.34171500950752,61.29802141599746,61.298021415997454,2.0436935935100635,0.43704313292542074
Party Brand Index_minseg6_K1_AR0,Party Brand Index,6,2024-04,55.880535554368535,61.29802141599746,61.298021415997454,-5.4174858616289185,-1.1585273844691024
Party Brand Index_minseg6_K1_AR0,Party Brand Index,6,2024-05,54.03774135246251,61.29802141599746,61.298021415997454,-7.2602800635349425,-1.552608255444756
Party Brand Index_minseg6_K1_AR0,Party Brand Index,6,2024-06,68.23354445533982,61.29802141599746,61.298021415997454,6.935523039342371,1.4831590837375201
Party Brand Index_minseg6_K1_AR0,Party Brand Index,6,2024-07,65.34963060816732,61.29802141599746,61.298021415997454,4.051609192169863,0.8664351546427796
Party Brand Index_minseg6_K1_AR0,Party Brand Index,6,2024-08,64.74803131349269,61.29802141599746,61.298021415997454,3.450009897495235,0.737783363911887
Party Brand Index_minseg6_K1_AR0,Party Brand Index,6,2024-09,61.53512440852972,61.29802141599746,61.298021415997454,0.23710299253226452,0.05070438886306724
Party Brand Index_minseg6_K1_AR0,Party Brand Index,6,2024-10,60.267173655000605,61.29802141599746,61.298021415997454,-1.0308477609968492,-0.2204464193976541
Party Brand Index_minseg6_K1_AR0,Party Brand Index,6,2024-11,63.06219466032603,61.29802141599746,61.298021415997454,1.7641732443285747,0.37726780774427643
Party Brand Index_minseg6_K1_AR0,Party Brand Index,6,2024-12,61.6353611998906,61.29802141599746,61.298021415997454,0.33733978389314956,0.07213999030051786
