model_id,series,reporting_role,year_month,observed,structural_regime_mean,one_step_ar_fitted,innovation,standardized_innovation
Polarization_selected_primary_K3_AR2,Polarization,selected_primary,2022-03,19.968979886147597,28.20200642043469,26.104975631831863,-6.135995745684267,-1.7351426472992066
Polarization_selected_primary_K3_AR2,Polarization,selected_primary,2022-04,29.187411939676807,28.20200642043469,32.62665047959001,-3.439238539913205,-0.9725511086013591
Polarization_selected_primary_K3_AR2,Polarization,selected_primary,2022-05,36.70169823824752,28.20200642043469,30.763452702172778,5.9382455360747475,1.679222657060105
Polarization_selected_primary_K3_AR2,Polarization,selected_primary,2022-06,14.150831658218094,28.20200642043469,20.88797673181859,-6.737145073600497,-1.9051362195725177
Polarization_selected_primary_K3_AR2,Polarization,selected_primary,2022-07,39.69731341333724,28.20200642043469,36.15610663652784,3.5412067768094024,1.0013857825225305
Polarization_selected_primary_K3_AR2,Polarization,selected_primary,2022-08,23.493171991639585,28.20200642043469,24.593687368925988,-1.1005153772864036,-0.3112047733216393
Polarization_selected_primary_K3_AR2,Polarization,selected_primary,2022-09,40.33633774456976,37.273519261377785,36.40732961666263,3.9290081279071303,1.1110486132771307
Polarization_selected_primary_K3_AR2,Polarization,selected_primary,2022-10,39.34476896622999,37.273519261377785,36.7062761934727,2.6384927727572904,0.7461154675379207
Polarization_selected_primary_K3_AR2,Polarization,selected_primary,2022-11,35.68709475730685,37.273519261377785,34.338286929274844,1.34880782803201,0.38141714603949156
Polarization_selected_primary_K3_AR2,Polarization,selected_primary,2022-12,41.621635424008375,37.273519261377785,37.71753470643063,3.90410071757775,1.1040052723610803
Polarization_selected_primary_K3_AR2,Polarization,selected_primary,2023-01,31.79647862160208,37.273519261377785,34.385803028079636,-2.5893244064775565,-0.7322115906830516
Polarization_selected_primary_K3_AR2,Polarization,selected_primary,2023-02,35.38737231922933,37.273519261377785,39.951226636133235,-4.563854316903905,-1.290571015615569
Polarization_selected_primary_K3_AR2,Polarization,selected_primary,2023-03,37.12578446744588,37.273519261377785,41.04430966481144,-3.918525197365561,-1.1080842403203623
Polarization_selected_primary_K3_AR2,Polarization,selected_primary,2023-04,32.49789947029008,28.742861655944164,29.633378234284365,2.8645212360057153,0.8100320089341057
Polarization_selected_primary_K3_AR2,Polarization,selected_primary,2023-05,27.49930123577101,28.742861655944164,25.749784264150605,1.7495169716204049,0.49473005449318364
Polarization_selected_primary_K3_AR2,Polarization,selected_primary,2023-06,25.71324208038159,28.742861655944164,28.220342908302705,-2.5071008279211147,-0.7089603298152153
Polarization_selected_primary_K3_AR2,Polarization,selected_primary,2023-07,29.383080146555763,28.742861655944164,31.71432967515588,-2.331249528600119,-0.6592329340213953
Polarization_selected_primary_K3_AR2,Polarization,selected_primary,2023-08,29.781083213550914,28.742861655944164,29.45969664787535,0.32138656567556356,0.09088199527597784
Polarization_selected_primary_K3_AR2,Polarization,selected_primary,2023-09,41.271931705613255,39.90849726424197,38.80277121067671,2.4691604949365478,0.698231526774477
Polarization_selected_primary_K3_AR2,Polarization,selected_primary,2023-10,40.78014034512094,39.90849726424197,38.37576148924684,2.4043788558741026,0.6799125139592787
Polarization_selected_primary_K3_AR2,Polarization,selected_primary,2023-11,35.94284144791523,39.90849726424197,38.6428316247645,-2.6999901768492656,-0.7635057612996513
Polarization_selected_primary_K3_AR2,Polarization,selected_primary,2023-12,40.423281061443845,39.90849726424197,42.777163144394265,-2.353882082950417,-0.6656329890243896
Polarization_selected_primary_K3_AR2,Polarization,selected_primary,2024-01,39.40252177887654,39.90849726424197,41.10964831165499,-1.7071265327784553,-0.48274284633318304
Polarization_selected_primary_K3_AR2,Polarization,selected_primary,2024-02,41.889201128166896,39.90849726424197,40.10967213129932,1.7795289968675747,0.5032168832161031
Polarization_selected_primary_K3_AR2,Polarization,selected_primary,2024-03,41.88287375987609,39.90849726424197,38.50454546321611,3.378328296659977,0.9553268527337796
Polarization_selected_primary_K3_AR2,Polarization,selected_primary,2024-04,35.18767131484606,39.90849726424197,37.4940209982697,-2.3063496834236417,-0.6521917323863972
Polarization_selected_primary_K3_AR2,Polarization,selected_primary,2024-05,35.80912090529779,39.90849726424197,42.94082672028594,-7.13170581498815,-2.016710477069882
Polarization_selected_primary_K3_AR2,Polarization,selected_primary,2024-06,46.48207567430694,39.90849726424197,45.17010949487155,1.3119661794353954,0.3709990300031891
Polarization_selected_primary_K3_AR2,Polarization,selected_primary,2024-07,42.05405671286235,39.90849726424197,36.23754102666127,5.81651568620108,1.6447997756372013
Polarization_selected_primary_K3_AR2,Polarization,selected_primary,2024-08,40.50181432113925,39.90849726424197,35.47889048945995,5.022923831679302,1.420387124716035
Polarization_selected_primary_K3_AR2,Polarization,selected_primary,2024-09,38.40279819744461,39.90849726424197,38.54969879034221,-0.14690059289760282,-0.04154068780596012
Polarization_selected_primary_K3_AR2,Polarization,selected_primary,2024-10,40.08625063999523,39.90849726424197,40.890523522401004,-0.8042728824057789,-0.22743304203071962
Polarization_selected_primary_K3_AR2,Polarization,selected_primary,2024-11,41.0867992308096,39.90849726424197,40.3789505866483,0.7078486441613039,0.2001661052618986
Polarization_selected_primary_K3_AR2,Polarization,selected_primary,2024-12,34.93691958961276,39.90849726424197,38.87775562150247,-3.94083603188972,-1.1143933190883737
Polarization_required_alternative_K4_AR2,Polarization,required_alternative,2022-03,19.968979886147597,28.14489018324513,25.66907477340164,-5.700094887254044,-1.7607549802677724
Polarization_required_alternative_K4_AR2,Polarization,required_alternative,2022-04,29.187411939676807,28.14489018324513,32.680002065124185,-3.49259012544738,-1.0788584364036817
Polarization_required_alternative_K4_AR2,Polarization,required_alternative,2022-05,36.70169823824752,28.14489018324513,31.064582898044208,5.637115340203314,1.7413006460298381
Polarization_required_alternative_K4_AR2,Polarization,required_alternative,2022-06,14.150831658218094,28.14489018324513,19.94359467810026,-5.79276301988217,-1.7893800960359225
Polarization_required_alternative_K4_AR2,Polarization,required_alternative,2022-07,39.69731341333724,28.14489018324513,36.714072934922534,2.9832404784147073,0.9215207173920509
Polarization_required_alternative_K4_AR2,Polarization,required_alternative,2022-08,23.493171991639585,28.14489018324513,24.34182214932256,-0.8486501576829752,-0.2621473889823568
Polarization_required_alternative_K4_AR2,Polarization,required_alternative,2022-09,40.33633774456976,38.567677021571214,37.30599977493816,3.0303379696316055,0.9360690966486321
Polarization_required_alternative_K4_AR2,Polarization,required_alternative,2022-10,39.34476896622999,38.567677021571214,39.169772201142095,0.17499676508789763,0.0540563677892916
Polarization_required_alternative_K4_AR2,Polarization,required_alternative,2022-11,35.68709475730685,38.567677021571214,37.03276726534446,-1.345672508037607,-0.41567721541528097
Polarization_required_alternative_K4_AR2,Polarization,required_alternative,2022-12,41.621635424008375,38.567677021571214,40.7961507551035,0.8254846689048767,0.2549915870977984
Polarization_required_alternative_K4_AR2,Polarization,required_alternative,2023-01,31.79647862160208,34.62178417800533,33.22993461011686,-1.433455988514773,-0.4427934658449065
Polarization_required_alternative_K4_AR2,Polarization,required_alternative,2023-02,35.38737231922933,34.62178417800533,35.72579767003146,-0.3384253508021353,-0.1045393337584926
Polarization_required_alternative_K4_AR2,Polarization,required_alternative,2023-03,37.12578446744588,34.62178417800533,35.26554615434423,1.860238313101655,0.5746262016800492
Polarization_required_alternative_K4_AR2,Polarization,required_alternative,2023-04,32.49789947029008,34.62178417800533,32.00446105898728,0.4934384113027983,0.15242275038255826
Polarization_required_alternative_K4_AR2,Polarization,required_alternative,2023-05,27.49930123577101,28.02264408635325,28.75428905443763,-1.2549878186666221,-0.38766478376242497
Polarization_required_alternative_K4_AR2,Polarization,required_alternative,2023-06,25.71324208038159,28.02264408635325,29.49660148069384,-3.7833594003122513,-1.1686768445098332
Polarization_required_alternative_K4_AR2,Polarization,required_alternative,2023-07,29.383080146555763,28.02264408635325,30.35030693446846,-0.9672267879126979,-0.2987756199767594
Polarization_required_alternative_K4_AR2,Polarization,required_alternative,2023-08,29.781083213550914,28.02264408635325,27.886977820238716,1.8941053933122,0.5850877170280107
Polarization_required_alternative_K4_AR2,Polarization,required_alternative,2023-09,41.271931705613255,39.936323299549066,37.70994926056923,3.5619824450440216,1.1002936712092168
Polarization_required_alternative_K4_AR2,Polarization,required_alternative,2023-10,40.78014034512094,39.936323299549066,37.903043991679176,2.8770963534417677,0.8887328778264008
Polarization_required_alternative_K4_AR2,Polarization,required_alternative,2023-11,35.94284144791523,39.936323299549066,38.5456942084691,-2.6028527605538727,-0.8040192403282523
Polarization_required_alternative_K4_AR2,Polarization,required_alternative,2023-12,40.423281061443845,39.936323299549066,43.135967606753,-2.712686545309151,-0.8379468129976045
Polarization_required_alternative_K4_AR2,Polarization,required_alternative,2024-01,39.40252177887654,39.936323299549066,41.38248448862362,-1.9799627097470773,-0.6116089768482945
Polarization_required_alternative_K4_AR2,Polarization,required_alternative,2024-02,41.889201128166896,39.936323299549066,40.187411151265195,1.7017899769016998,0.5256816310022769
Polarization_required_alternative_K4_AR2,Polarization,required_alternative,2024-03,41.88287375987609,39.936323299549066,38.4288319034015,3.454041856474588,1.0669509054033965
Polarization_required_alternative_K4_AR2,Polarization,required_alternative,2024-04,35.18767131484606,39.936323299549066,37.26084405982429,-2.0731727449782276,-0.6404014859188313
Polarization_required_alternative_K4_AR2,Polarization,required_alternative,2024-05,35.80912090529779,39.936323299549066,43.29585685068466,-7.486735945386867,-2.3126470458003383
Polarization_required_alternative_K4_AR2,Polarization,required_alternative,2024-06,46.48207567430694,39.936323299549066,45.89603380104883,0.5860418732581145,0.18102788942900816
Polarization_required_alternative_K4_AR2,Polarization,required_alternative,2024-07,42.05405671286235,39.936323299549066,35.98694303600396,6.067113676858392,1.874126805549618
Polarization_required_alternative_K4_AR2,Polarization,required_alternative,2024-08,40.50181432113925,39.936323299549066,34.93882507390222,5.562989247237031,1.7184031522267043
Polarization_required_alternative_K4_AR2,Polarization,required_alternative,2024-09,38.40279819744461,39.936323299549066,38.42729596434228,-0.024497766897665585,-0.0075673415835509445
Polarization_required_alternative_K4_AR2,Polarization,required_alternative,2024-10,40.08625063999523,39.936323299549066,41.0510427419492,-0.9647921019539716,-0.2980235473337581
Polarization_required_alternative_K4_AR2,Polarization,required_alternative,2024-11,41.0867992308096,39.936323299549066,40.52505556247428,0.5617436683353239,0.17352219238788735
Polarization_required_alternative_K4_AR2,Polarization,required_alternative,2024-12,34.93691958961276,39.936323299549066,38.82904056493872,-3.8921209753259642,-1.2022732124045818
Party Brand Index_selected_primary_K1_AR0,Party Brand Index,selected_primary,2022-03,43.031746997270034,53.71945657561568,53.71945657561568,-10.687709578345647,-2.285562812718289
Party Brand Index_selected_primary_K1_AR0,Party Brand Index,selected_primary,2022-04,52.04340502830389,53.71945657561568,53.71945657561568,-1.6760515473117934,-0.3584230148334309
Party Brand Index_selected_primary_K1_AR0,Party Brand Index,selected_primary,2022-05,55.72073476834652,53.71945657561568,53.71945657561568,2.0012781927308367,0.42797261486943244
Party Brand Index_selected_primary_K1_AR0,Party Brand Index,selected_primary,2022-06,44.275881058987245,53.71945657561568,53.71945657561568,-9.443575516628435,-2.019505195353917
Party Brand Index_selected_primary_K1_AR0,Party Brand Index,selected_primary,2022-07,56.19299969599727,53.71945657561568,53.71945657561568,2.473543120381592,0.5289662981724118
Party Brand Index_selected_primary_K1_AR0,Party Brand Index,selected_primary,2022-08,53.38697492221824,53.71945657561568,53.71945657561568,-0.33248165339743707,-0.0711010808579531
Party Brand Index_selected_primary_K1_AR0,Party Brand Index,selected_primary,2022-09,53.89953584964042,53.71945657561568,53.71945657561568,0.18007927402474166,0.03850988736503121
Party Brand Index_selected_primary_K1_AR0,Party Brand Index,selected_primary,2022-10,64.56066475629389,53.71945657561568,53.71945657561568,10.841208180678208,2.31838843309315
Party Brand Index_selected_primary_K1_AR0,Party Brand Index,selected_primary,2022-11,52.616024215582,53.71945657561568,53.71945657561568,-1.103432360033679,-0.2359686095468671
Party Brand Index_selected_primary_K1_AR0,Party Brand Index,selected_primary,2022-12,64.10896206747798,53.71945657561568,53.71945657561568,10.389505491862295,2.2217919770990378
Party Brand Index_selected_primary_K1_AR0,Party Brand Index,selected_primary,2023-01,54.06747217334802,53.71945657561568,53.71945657561568,0.34801559773234203,0.07442300921373747
Party Brand Index_selected_primary_K1_AR0,Party Brand Index,selected_primary,2023-02,54.10088919061863,53.71945657561568,53.71945657561568,0.3814326150029501,0.08156922622363952
Party Brand Index_selected_primary_K1_AR0,Party Brand Index,selected_primary,2023-03,61.63854851328894,53.71945657561568,53.71945657561568,7.919091937673258,1.6934949355205868
Party Brand Index_selected_primary_K1_AR0,Party Brand Index,selected_primary,2023-04,54.08680911376589,53.71945657561568,53.71945657561568,0.3673525381502074,0.07855820690102937
Party Brand Index_selected_primary_K1_AR0,Party Brand Index,selected_primary,2023-05,50.426313335936726,53.71945657561568,53.71945657561568,-3.2931432396789546,-0.7042374860947437
Party Brand Index_selected_primary_K1_AR0,Party Brand Index,selected_primary,2023-06,51.89977194931201,53.71945657561568,53.71945657561568,-1.819684626303669,-0.38913889662396833
Party Brand Index_selected_primary_K1_AR0,Party Brand Index,selected_primary,2023-07,47.95353131489423,53.71945657561568,53.71945657561568,-5.765925260721453,-1.2330410234498386
Party Brand Index_selected_primary_K1_AR0,Party Brand Index,selected_primary,2023-08,52.939953409769046,53.71945657561568,53.71945657561568,-0.7795031658466343,-0.16669646898573562
Party Brand Index_selected_primary_K1_AR0,Party Brand Index,selected_primary,2023-09,62.45538441329845,61.29802141599746,61.298021415997454,1.157362997300993,0.24750165674475433
Party Brand Index_selected_primary_K1_AR0,Party Brand Index,selected_primary,2023-10,61.486536502695664,61.29802141599746,61.298021415997454,0.18851508669821015,0.04031388284228497
Party Brand Index_selected_primary_K1_AR0,Party Brand Index,selected_primary,2023-11,57.5910398908809,61.29802141599746,61.298021415997454,-3.7069815251165537,-0.7927366531746263
Party Brand Index_selected_primary_K1_AR0,Party Brand Index,selected_primary,2023-12,61.1984321948073,61.29802141599746,61.298021415997454,-0.09958922119015057,-0.02129711879156594
Party Brand Index_selected_primary_K1_AR0,Party Brand Index,selected_primary,2024-01,58.6446518557328,61.29802141599746,61.298021415997454,-2.6533695602646503,-0.5674221170480459
Party Brand Index_selected_primary_K1_AR0,Party Brand Index,selected_primary,2024-02,61.30124558145313,61.29802141599746,61.298021415997454,0.0032241654556770527,0.000689486612031148
Party Brand Index_selected_primary_K1_AR0,Party Brand Index,selected_primary,2024-03,63.34171500950752,61.29802141599746,61.298021415997454,2.0436935935100635,0.43704313292542074
Party Brand Index_selected_primary_K1_AR0,Party Brand Index,selected_primary,2024-04,55.880535554368535,61.29802141599746,61.298021415997454,-5.4174858616289185,-1.1585273844691024
Party Brand Index_selected_primary_K1_AR0,Party Brand Index,selected_primary,2024-05,54.03774135246251,61.29802141599746,61.298021415997454,-7.2602800635349425,-1.552608255444756
Party Brand Index_selected_primary_K1_AR0,Party Brand Index,selected_primary,2024-06,68.23354445533982,61.29802141599746,61.298021415997454,6.935523039342371,1.4831590837375201
Party Brand Index_selected_primary_K1_AR0,Party Brand Index,selected_primary,2024-07,65.34963060816732,61.29802141599746,61.298021415997454,4.051609192169863,0.8664351546427796
Party Brand Index_selected_primary_K1_AR0,Party Brand Index,selected_primary,2024-08,64.74803131349269,61.29802141599746,61.298021415997454,3.450009897495235,0.737783363911887
Party Brand Index_selected_primary_K1_AR0,Party Brand Index,selected_primary,2024-09,61.53512440852972,61.29802141599746,61.298021415997454,0.23710299253226452,0.05070438886306724
Party Brand Index_selected_primary_K1_AR0,Party Brand Index,selected_primary,2024-10,60.267173655000605,61.29802141599746,61.298021415997454,-1.0308477609968492,-0.2204464193976541
Party Brand Index_selected_primary_K1_AR0,Party Brand Index,selected_primary,2024-11,63.06219466032603,61.29802141599746,61.298021415997454,1.7641732443285747,0.37726780774427643
Party Brand Index_selected_primary_K1_AR0,Party Brand Index,selected_primary,2024-12,61.6353611998906,61.29802141599746,61.298021415997454,0.33733978389314956,0.07213999030051786
Party Brand Index_required_alternative_K0_AR1,Party Brand Index,required_alternative,2022-03,43.031746997270034,57.11933468415022,56.110655839481765,-13.078908842211735,-2.3195305146638967
Party Brand Index_required_alternative_K0_AR1,Party Brand Index,required_alternative,2022-04,52.04340502830389,57.11933468415022,51.884616894941914,0.15878813336197073,0.028160905863254492
Party Brand Index_required_alternative_K0_AR1,Party Brand Index,required_alternative,2022-05,55.72073476834652,57.11933468415022,55.23320202206397,0.4875327462825467,0.08646341185974843
Party Brand Index_required_alternative_K0_AR1,Party Brand Index,required_alternative,2022-06,44.275881058987245,57.11933468415022,56.59963776925107,-12.323756710263824,-2.1856050905785596
Party Brand Index_required_alternative_K0_AR1,Party Brand Index,required_alternative,2022-07,56.19299969599727,57.11933468415022,52.346916818093156,3.8460828779041165,0.682098690712819
Party Brand Index_required_alternative_K0_AR1,Party Brand Index,required_alternative,2022-08,53.38697492221824,57.11933468415022,56.77512371283068,-3.38814879061243,-0.6008845694132166
Party Brand Index_required_alternative_K0_AR1,Party Brand Index,required_alternative,2022-09,53.89953584964042,57.11933468415022,55.73245067847292,-1.8329148288324977,-0.3250654873084942
Party Brand Index_required_alternative_K0_AR1,Party Brand Index,required_alternative,2022-10,64.56066475629389,57.11933468415022,55.92290995826351,8.637754798030379,1.5318965881581754
Party Brand Index_required_alternative_K0_AR1,Party Brand Index,required_alternative,2022-11,52.616024215582,57.11933468415022,59.884411556771816,-7.268387341189813,-1.2890407321957864
Party Brand Index_required_alternative_K0_AR1,Party Brand Index,required_alternative,2022-12,64.10896206747798,57.11933468415022,55.44597797155306,8.662984095924914,1.5363709771944418
Party Brand Index_required_alternative_K0_AR1,Party Brand Index,required_alternative,2023-01,54.06747217334802,57.11933468415022,59.716566205734175,-5.649094032386155,-1.0018607933129042
Party Brand Index_required_alternative_K0_AR1,Party Brand Index,required_alternative,2023-02,54.10088919061863,57.11933468415022,55.98531235679375,-1.8844231661751207,-0.33420043592440735
Party Brand Index_required_alternative_K0_AR1,Party Brand Index,required_alternative,2023-03,61.63854851328894,57.11933468415022,55.99772957531667,5.640818937972271,1.0003932141565468
Party Brand Index_required_alternative_K0_AR1,Party Brand Index,required_alternative,2023-04,54.08680911376589,57.11933468415022,58.798600826121444,-4.711791712355556,-0.8356312279106741
Party Brand Index_required_alternative_K0_AR1,Party Brand Index,required_alternative,2023-05,50.426313335936726,57.11933468415022,55.99249764843091,-5.566184312494183,-0.9871568430390874
Party Brand Index_required_alternative_K0_AR1,Party Brand Index,required_alternative,2023-06,51.89977194931201,57.11933468415022,54.63231712700853,-2.732545177696517,-0.48461396885865243
Party Brand Index_required_alternative_K0_AR1,Party Brand Index,required_alternative,2023-07,47.95353131489423,57.11933468415022,55.17983031283814,-7.226298997943914,-1.2815764094722095
Party Brand Index_required_alternative_K0_AR1,Party Brand Index,required_alternative,2023-08,52.939953409769046,57.11933468415022,53.71347166374723,-0.7735182539781813,-0.13718263621206783
Party Brand Index_required_alternative_K0_AR1,Party Brand Index,required_alternative,2023-09,62.45538441329845,57.11933468415022,55.5663447762143,6.889039637084143,1.2217638220225984
Party Brand Index_required_alternative_K0_AR1,Party Brand Index,required_alternative,2023-10,61.486536502695664,57.11933468415022,59.1021237224244,2.384412780271264,0.4228730599867454
Party Brand Index_required_alternative_K0_AR1,Party Brand Index,required_alternative,2023-11,57.5910398908809,57.11933468415022,58.74211564258878,-1.1510757517078782,-0.20414205519644854
Party Brand Index_required_alternative_K0_AR1,Party Brand Index,required_alternative,2023-12,61.1984321948073,57.11933468415022,57.29461264456603,3.9038195502412725,0.6923382278880424
Party Brand Index_required_alternative_K0_AR1,Party Brand Index,required_alternative,2024-01,58.6446518557328,57.11933468415022,58.63506078130438,0.009591074428422663,0.001700966806446284
Party Brand Index_required_alternative_K0_AR1,Party Brand Index,required_alternative,2024-02,61.30124558145313,57.11933468415022,57.686117664298365,3.6151279171547688,0.6411390750878414
Party Brand Index_required_alternative_K0_AR1,Party Brand Index,required_alternative,2024-03,63.34171500950752,57.11933468415022,58.67326455870091,4.668450450806606,0.8279447014641899
Party Brand Index_required_alternative_K0_AR1,Party Brand Index,required_alternative,2024-04,55.880535554368535,57.11933468415022,59.431469714245,-3.5509341598764643,-0.6297543807945845
Party Brand Index_required_alternative_K0_AR1,Party Brand Index,required_alternative,2024-05,54.03774135246251,57.11933468415022,56.659017134683374,-2.6212757822208648,-0.4648804604086971
Party Brand Index_required_alternative_K0_AR1,Party Brand Index,required_alternative,2024-06,68.23354445533982,57.11933468415022,55.97426486871869,12.259279586621131,2.1741701415632186
Party Brand Index_required_alternative_K0_AR1,Party Brand Index,required_alternative,2024-07,65.34963060816732,57.11933468415022,61.249193741313135,4.100436866854179,0.727208098998624
Party Brand Index_required_alternative_K0_AR1,Party Brand Index,required_alternative,2024-08,64.74803131349269,57.11933468415022,60.17757839780067,4.570452915692016,0.810564943274691
Party Brand Index_required_alternative_K0_AR1,Party Brand Index,required_alternative,2024-09,61.53512440852972,57.11933468415022,59.954033913123475,1.581090495406241,0.2804047107281201
Party Brand Index_required_alternative_K0_AR1,Party Brand Index,required_alternative,2024-10,60.267173655000605,57.11933468415022,58.76017011583595,1.5070035391646588,0.26726546816483465
Party Brand Index_required_alternative_K0_AR1,Party Brand Index,required_alternative,2024-11,63.06219466032603,57.11933468415022,58.289020298502756,4.7731743618232745,0.8465173752360358
Party Brand Index_required_alternative_K0_AR1,Party Brand Index,required_alternative,2024-12,61.6353611998906,57.11933468415022,59.32760451199545,2.307756687895152,0.4092781838738832
